number	title
2	We Praise Thee O God
3	Hallelujah Praise Jehovah
6	All Creatures Of Our God
10	A Hill Called Mount Calvary 373 A Mighty Fortress
11	Hymn Of Glory
12	Praise To God Immortal
13	Day Is Dying In The West
15	Step By Step
16	Holy God We Praise Your
17	Praise God
18	Faithful Love
21	Thou Art Worthy Great
23	Our God He Is Alive
25	Like A River Glorious
27	Blessed Be The Name Of The 24 Blessed Be Your Name
28	Give To Our God Immortal
29	Hallelujah Chorus
31	Be Exalted O God/Chambers 61 Be Still And Know
32	Holy Holy Holy Is The Lord 40 Holy Is The Lord
33	Holy Holy
34	Praise The Lord O Heavens
35	It Is Good To Sing Your
36	My Sins, My Sins My Savior 352 My Tribute
38	Awesome God
39	Awesome Power
41	Mighty Is Our God
43	All Things Praise Thee
47	Holy, Holy, Holy
48	O Love That Wilt Not Let
49	Great And Mighty Is He
51	Father Of Mercies
53	Father I Adore You
54	We Bring The Sacrifice Of
55	I Will Bless The Lord At All 237 I Will Bless Thee O Lord
56	Lord We Come Before Thee 797 Lord We Praise You
57	Great Is The Lord Almighty 102 Great Is Thy Faithfulness
58	A Charge To Keep I Have
60	He Is Exalted
62	I Exalt Thee
63	I Will Call Upon The Lord
68	Give Thanks
70	Ah Lord God
71	As The Deer
72	Blessed Be The Lord God
74	Praise The Lord
76	How Great Thou Art
77	Glorify Thy Name
78	God Put A Rainbow In The 953 God Still Lives
81	Bless His Holy Name
82	Bless God
83	God Is So Good
85	All Things Bright And Beaut
87	Since I Have Been Redeemed 491 Sing Amen
89	Be Exalted O God
91	Praise To The Lord The
92	Glorious Things Of Thee
93	God Who Stretched The
95	Yes I Believe God Is Real
96	I Stand In Awe
97	I Sing Praises
99	In His Presence
100	Holy Ground
101	Holy Ground (Davis)
103	He Has Made Me Glad
104	From Every Stormy Wind
105	Almighty
107	Holy Holy Holy Hosanna
108	The Lord Is In His Holy
111	Grace Greater Than Our Sin
112	Wonderful Grace Of Jesus
113	His Grace Reaches Me
116	God Will Make A Way
118	God Bless You Go With God 752 God Give Us Christian Home 843 God Has Smiled On Me
121	God Holds The Future In His 69 God Is Love
123	The Spacious Firmament On 873 The Steadfast Love Of The
125	For God So Loved Us
126	The Lord My Shepherd Is
127	When All Thy Mercies
129	Amazing Grace
130	Children Of The Heavenly
131	Give To The Winds Your
132	Thy Loving Kindness
133	The Love Of God
134	The Lord's My Shepherd
136	Love For All
137	Unto The Hills
138	Our Heavenly Father Under
139	Immortal Invisible God Only 7 Immortal Love Forever Full 741 In Heavenly Love Abiding
140	Love Divine
141	Heavenly Father We Apprec
143	Come Christians Join To
144	O Worship The King
146	Alleluia Alleluia Hearts To
147	I Sing The Mighty Power Of 75 I Stand Amazed
149	The Head That Once Was
151	How Sweet The Name Of
154	Adoration
155	Highest Place
156	Beautiful
157	The King Is Coming
158	The Sweetest Name Of All
159	You Are My God
160	Arise My Love
163	His Name Is Wonderful
164	Emmanuel
165	Alleluia Sing To Jesus
166	He's A Wonderful Savior To 225 He's My King
167	Hosanna
168	Glory
169	Celebrate Jesus
171	Above All Else
173	Even Winds Whisper His
175	Lift High The Lord Our Ban
176	Lamb Of God
178	All Hail King Jesus
179	He Is Lord
180	Jesus Is Lord
181	Bless That Wonderful Name 188 Bless The Name Of Jesus
185	Jesus Thy Name I Love
186	Christ We Do All Adore
187	Great Is The Lord
189	Master The Tempest Is
190	O Jesus my Savior
192	Stand Up And Bless The
193	Crown Him With Many
194	Great Is Thy Faithfulness
195	Behold The Lamb
196	More Than Anything
197	O 'Twas Wonderful Love
198	Heaven's Really Gonna Shine 857 Here O My Lord I See Thee 317 Here We Are
199	His Name Is Jesus
200	Jesus The Loving Shepherd 930 Jesus The Very Thought Of 307 Jesus Thou Joy Of Loving
203	Let There Be Praise
204	Glorious Is Thy Name
205	Worthy Is The Lamb
206	O Come Let Us Adore Him 264 O Could I Speak The Match
207	Let The Lord Be Praised O
208	Hosanna Loud Hosanna
209	Marvelous Things
211	There Is A Savior
212	When I Look Into Your Holi
213	He Is Able
214	Have You Seen Jesus My
215	O Little Town Of Bethlehem 996 O Lord Our Lord
216	What A Friend We Have In 800 What A Lovely Name
218	Blessed Jesus
222	There's Something About
223	His Name Is Life
224	Blessed Be The Name
230	Worthy Art Thou
231	Thou Art Worthy
232	Worthy The Lamb That Was 150 Worthy You Are Worthy
234	Worthy Is The Lamb
235	Let All That Is Within Me
238	Won't It Be Wonderful There 877 Words And Music
239	In Moments Like These
240	King Of Kings
241	Resurrection
243	Our God Reigns
245	We Are The Reason
246	Let Me Be A Sacrifice
247	In The Name Of The Lord
250	The Great Redeemer
251	The Lord Thy God
253	Sweet Adoration
254	Sweet Aroma
257	Jesus What A Friend To
258	The New Song
260	Majestic Sweetness Sits
261	Lord Let Us Now Depart In 782 Lord Listen To Your Children 726 Lord Of All Being Throned 183 Lord Of Our Highest Love
262	Thine Is The Glory
265	Let The Whole Creation Cry 84 Let There Be Glory
266	Majesty
269	This World Is Not My Home 957 Thomas Song
271	Son Of Man
273	More Precious Than Silver
274	Lord I Want To Love You
275	O Lord We Praise Thy Name 283 O Lord You're Beautiful
277	Hark Ten Thousand Harps
278	Victory Chant
279	We Shall Behold Him
280	Thou Art The Way
282	O Master Let Me Walk With 763 O Praise The Lord
284	Rejoice The Lord Is King
285	Wonderful Is My Redeemer
286	Wonderful Story Of Love
287	There Is A Redeemer
288	Fairest Lord Jesus
290	Shine Jesus Shine
291	The Great Physician
292	All People That On Earth Do 532 All Rise
294	You're The One
296	We Have Come Into His
297	The Day Of Resurrection
298	Early My God Without Delay 785 Earth holds no treasures/Heaven holds 884 Easter Song
300	Praise God from whom/Doxology 66 Praise Him Praise Him
302	Rejoice The Lord Is King
306	Rejoice The Lord Is King
308	Wonderful Love Of Jesus
309	In my life Lord be glorified
309	Lord Be Glorified
310	At The Name Of Jesus
313	The Old Rugged Cross
315	When I Survey The
316	Jesus Name Above All Names 221 Jesus Paid It All
318	O Sacred Head
320	Nearer The Cross
324	Alas And Did My Savior
325	Boundless Love
327	All Because Of God's Amaz
328	Wound For Me
329	What A Savior
331	Blessed Redeemer
332	Lead Me Gently Home Father 823 Lead Me To Calvary
333	I Will Praise Him
335	In Memory Of The Savior's
337	Hallelujah What A Savior
338	On The Cross Of Calvary
340	Jesus
341	Rabboni
342	We Saw Thee Not
344	Low In The Grave He Lay
345	Christ The Lord Is Risen
346	He Lives
348	That Last Lonely Mile
349	Ten Thousand Angels
350	When My Love To Christ
351	He Bore It All
353	One Day
354	I Gave My Life For Thee
356	I Believe In Jesus
357	Behold What Manner Of Love 119 Beneath The Cross Of Jesus 314 Bethlehem Galilee Geths
358	Jesus Is Lord Of All
359	I Love The Lord
360	Go Tell It On The Mountain 1012 Go To Dark Gethsemane
361	Nailed To The Cross
363	Breath Of Heaven
364	Come Into The Holy Of Holies 45 Come Let Us Worship And 153 Come Share The Lord
365	How Beautiful
366	Burdens Are Lifted At Calvary 912 By Christ Redeemed
367	The Scars In The Hands Of
369	It Came Upon The Midnight 995 It Is Finished
372	The First Lord's Day
374	There Is A Fountain
376	He Paid A Debt
377	He Still Came
379	If That Isn't Love
381	Years I Spent In Vanity
382	Why Did My Savior Come
383	Jesus Is The Sweetest Name 255 Jesus Keep Me Near The
385	Robe Of Calvary
386	He Loves Me
386	Why did the Savior heaven
390	Guide Me O Thou Great
393	The Lord's My Shepherd
394	Walk With Me
395	Follow Me
396	No Not One
397	The Day Thou Gavest
398	Surely The Presence of the
399	Jesus Calls Us
400	There's a Light Shining
401	Christ's Love Is All I Need
403	I Have Decided To Follow 674 I Heard The Voice Of Jesus 389 I Hold His Hand
405	If Jesus Goes With Me
406	Joyful Joyful We Adore Thee 202 Just A Closer Walk With
410	He Knows Just What I Need 525 He Leadeth Me
411	Lead On O King Eternal
412	Jesus Hold My Hand
413	Lord Be There
414	Anywhere With Jesus
415	Each Step I Take
416	Footprints Of Jesus
417	When The Roll Is Called Up 852 When This Passing World Is 259 When We All Get To Heaven 853 Where He Leads I'll Follow
418	Breathe On Me Breath Of
420	Search me O God
421	Sweet Peace The Gift Of God 115 Sweet Sweet Spirit
422	Spirit Of The Living God
423	Holy Spirit Truth Divine
424	Grace Tis A Charming Sound 124 Gracious Spirit Dwell With
425	Where The Spirit Of The
426	Holy Spirit Thou Art
427	Come Holy Spirit Dove
428	Holy Spirit Light Divine
429	O Spread The Tidings Round 632 O The Depths And The Rich 375 O they Tell me of a Home 968 O Thou Fount Of Every/Come Thou 226 O To Be Like Thee
431	Break Thou The Bread Of
433	Hold To God's Unchanging 613 Holy Bible Book Divine
434	Not To Us
435	Come Into His Presence
437	There Is No Condemnation
438	The Voice Of The Lord
440	Glorify The Lord With Me
441	You Are My Hiding Place
442	I Will Sing Of My Redeemer 513 I Will Sing Of The Mercies
443	The Precious Book Divine
444	Prince Of Peace Control My 761 Psalm 137
445	Out Of The Depths
446	Hear O Israel
448	The Greatest Commands
449	Thy Word
450	Getting Used To The Family 737 Give Me The Bible
453	Love Lifted Me
454	Rock Of Ages
455	When sorrows like billows
455	Where No One Stands Alone 801 Where Peace Like A River
456	There's a Rainbow In The
457	How Beautiful Heaven Must 885 How Firm A Foundation
458	Redeemed
458	Sweet is the song
460	Washed In The Blood
463	I Just Came To Praise The 172 I Keep Falling In Love With 148 I Know That My Redeemer 465 I Know That My Redeemer 197 I Know That My Redeemer 528 I Know That My Redeemer 529 I Know The Lord Will Find 523 I Know Who Holds Tomor
464	Beautiful Isle Of Somewhere 893 Beautiful Star Of Bethlehem 1005 Because He Lives
466	Thanks To God For My
467	We Have An Anchor
469	Faith Is The Victory
470	Victory In Jesus
471	Let Every Heart Rejoice And 8 Let God Arise
473	Safe In The Arms Of Jesus
474	Thank You Lord
475	Glory Be To God The Father 44 Glory To His Name
477	Near To The Heart Of God
478	Nearer Still Nearer
479	Peace Perfect Peace
480	Blessed Assurance
483	Is It For Me
484	All Hail The Power Of Jesus 145 All Hail The Power Of Jesus 162 All Hail The Power Of Jesus 304 All In All
484	You Are My All In All
485	Take The World But Give
486	Wonderful He Is To Me
488	Into the heart of Jesus
489	Is It Well With Your Soul
490	It Is Well With My Soul
492	Only In Thee
493	It Is No Secret
494	O Happy Day
495	On Zion's Glorious Summit 227 Once For All
496	O Listen To Our Wondrous
497	Whispering Hope
498	Christ Is Precious
499	He Whispers Sweet Peace
501	Though Your Sins Be As
502	Jesus Is Mine
503	I Walk With The K (Howard) 550 I Walk With The King
504	He Lifted Me
506	No One Ever Cared For Me
507	Does Jesus Care
509	I Will Sing The Wondrous
510	I Lay My Sins On Jesus
511	I Am So Glad
514	Redeemed (Crosby)
515	Let The Redeemed
517	Heaven Came Down And
519	God Is My Refuge
520	In The Cross Of Christ I
521	Saved By The Blood Of The 482 Saved Saved
524	I Know Whom I Have Beli
526	Jesus And Shall It Ever Be
527	He Touched Me
530	Majestic Sweetness
531	Like A River
533	I Am A Sheep
535	The Glory Land Way
537	Here We Are But Straying
538	My God My Father Though I 825 My Help Comes From The 436 My Hope Is Built On Noth
539	Higher Ground
541	The Rainbow Of Love
542	Teach Me Thy Way O Lord 762 Tell It To Jesus Alone
543	Wonderful Words Of Life
544	Will You Not Tell It Today 628 Without Him
545	Precious Memories
546	Til My Faith Becomes Sight 836 Till The Storm Passes By
547	Go Labor On
548	The Lily Of The Valley
549	There Is Power In The Blood 903 There Is Sunshine In My
552	Have Thine Own Way
553	I'll Live For Him
554	O How Kindly Has Thou Led 135 O Jesus I Have Promised
555	Seek Ye First
556	There Is A See
557	Rise Up O Men Of God
558	There Stands A Rock
559	The Joy Of The Lord
560	Living By Faith
562	I Need Jesus
563	I Love You My Jesus
564	I Must Tell Jesus
566	Shall I Crucify My Savior
567	Restore My Soul
568	Jesus Paid It All (I hear the) 922 Jesus Rose Of Sharon
569	Sweeter As The Years Go By 565 Sweeter Than All
570	Title page A Beautiful Life
571	Something Beautiful
572	Each Step Of The Way
573	Shall I Be Ashamed
574	O How He Loves You And 228 O How I Love Jesus
575	Reach Out
577	We Bow Down
578	We Will Glorify
579	Praise The Lord Who Reigns 109 Praise The Name Of Jesus
580	The Joy Of The Lord
581	I Worship You Almighty God 64 I'd Rather Have Jesus
582	My Faith Has Found A
583	Jesus Christ Is Risen Today 249 Jesus Flow Like A River
584	Close To Thee
585	Lean On His Arm
587	Sing And Be Happy
589	What a fellowship
590	Jesus Is All The World To
591	Who Can Satisfy My Soul
592	Someday The Silver Cord
593	Consider Him
594	Live For Jesus
595	In The Garden
596	In The Desert Of Sorrow
598	Crown Him With Many (vr1) 305 Day By Day
599	On And On We Walk
600	God Is The Fountain Whence 117 God Leads Us Along
601	My Faith Looks Up To Thee 586 My God And I
603	Jesus Savior Pilot Me
604	I Want Jesus To Walk With 607 I Want To Be Ready To
605	I Will Serve You
606	Remember Me O Mighty One 796 Remind Me Dear Lord
608	He Gave Me A Song
609	I'm Not Ashamed To Own
610	I Love My Savior Too
611	Walking in sunlight
612	His Yoke Is Easy
614	Dying With Jesus
615	He Keeps Me Singing
617	Child Of The King
618	All Day Long
619	A New Creature
620	Sunlight
622	Ring Out The Message
623	Tell Me The Old Old Story 942 Tell Me The Story Of Jesus 387 Tell The Good News
624	Seeking The Lost
625	Zion's Call
626	Christ For The World We
627	There's a Royal Banner
630	Awake My Tongue Thy
631	Lift Him Up
633	Throw Out The Life Line
635	Freely Freely
636	To God Be The Glory (Crosby) 4 To Him Sits On The Throne 270 To Love Some One More
638	Hark tis the Shepherd's/Bring them in 880 Harvest Time
639	Rescue The Perishing
640	I Love My Jesus
641	The Ninety And Nine
642	Let The Lower Lights Be
643	Are you sowing the seed
644	Tell Them Of Jesus
646	Onward Christian Soldiers
647	Soldiers Of Christ Arise
650	Send The Light
651	Sound The Battle Cry
652	We have heard the joyful
654	Don't You Want To Go To 969 Down In The Valley
655	Poured Out Like Wine
656	O Worship The King (vr 1) 303 O Zion Haste
657	Must I Go And Empty
658	I Am A Stranger Here
659	I Love To Tell The Story
660	People Need The Lord
662	I Surrender All
663	We Give Thee But Thine
665	I Am His And He Is Mine
666	I Am Thine O Lord
667	Savior Thy Dying Love
668	We Are An Offering
671	Purer In Heart O God
672	Give Me Thy Heart
675	Wherever He Leads I'll Go
676	Living For Jesus
677	I Have Been Revived
678	More About Jesus
679	Tis Midnight And On Olive's 334 Tis So Sweet To Trust In
680	Yes Lord Yes
681	More Holiness Give Me
682	Purer Yet And Purer
683	I Am Mine No More
684	Nearer My God To Thee
686	I Don't Want To Move
687	Turn Your Eyes Upon Jesus 276 Until That Final Day
688	I'll Meet You In The Morning 734 I'll Never Forsake My Lord
689	Be Still My Soul
691	Make Me New
692	Change My Heart O God
693	Heart Of A Servant
694	Servant Song
695	Nobody Fills My Heart Like 602 None Of Self And All Of
696	Once To Every Man And
697	I Believe In Jesus (Nelson)
698	My Jesus As Thou Wilt
699	I'll Be A Friend To Jesus
700	More Love To Thee
701	My Jesus I Love Thee
703	I Love You With The Love
704	Beyond This Land Of Parting 870 Bind Us Together
705	A Common Love
706	Arise And Sing
707	The Lord Our Rock
708	Reach Out To Jesus
709	How Majestic Is Your Name 42 How Shall The Young Secure 432 How Sweet How Heavenly
710	The Lord Bless You And
711	Blest Be The Tie
712	Jesus Is Coming Soon
714	When He Cometh
715	The Church's One Founda
716	Sing Hallelujah To The Lord 242 Sing On Ye Joyful Pilgrims 747 Sing To Me Of Heaven
717	We Will Stand
718	We Shall Assemble
719	Angry Words
720	The Bond Of Love
721	My Latest Sun Is sinking
722	Let Me Live Close To Thee 831 Let the Beauty Of Jesus Be
724	Let Us Break Bread Together 725 Let's Just Praise The Lord
727	Jesus Is Coming Again
728	It May Be At Morn
729	Come Ye Thankful People
730	We Declare That The King
731	Take Time To Be Holy
732	The Family Of God
735	Heaven Is In My Heart
736	To Canaan's land I'm on my 867 To Christ Be True
738	Take My Hand Precious Lord 786 Take My Life And Let It Be 664 Take My Life And Let It Be 669 Take My Life Lead Me Lord 408 Take The Name Of Jesus
739	God's Wonderful People
740	Song For The Nations
742	Count Your Blessings
744	God Will Take Care Of You 461 God's Family
745	Humble Yourselves
746	Rejoice Ye Pure In Heart
748	Let The People Sing Amen
749	The Battle Belongs To The
751	Watchman Tell Us Of The
753	Farther Along
754	Faith Is The Victory (Refrain) 392 Faith Of Our Fathers
755	God Be With You
756	Just Beyond The Rolling
757	Friends
759	Shall We Gather At The
764	Teach Me Lord To Wait
765	O For A Closer Walk With 670 O For A Faith That Will Not 540 O For A Thousand Tongues 233 O God Our Help In Ages Past 522 O God Whose Will Is Life
766	Open Our Eyes Lord
767	In The Hour Of Trial
769	May I Call You Father
770	Dear Lord And Father Of
771	Lord Our Lord Your Glorious 182 Lord Speak To Me
772	Savior Breathe An Evening
773	Again The Lord Of Light
774	Hide Me Rock Of Ages
775	Holy Father
777	Father And Friend Thy Light 52 Father Hear The Prayer We
778	Be With Me Lord
779	I Love You Lord
780	Thy Kingdom Come
781	Thank You Lord (Jernigan)
783	Tarry With Me
784	Far And Near
789	Father
790	Lord Take Control
791	On Bended Knee
792	My Eyes Are Dry
793	The Beautiful Garden Of Pray
794	Unto Thee O Lord
795	Now The Day Is Over
798	The Lord's Prayer
802	Thanks Again Lord
803	Turn My Heart
804	A Shelter In Time Of Storm 472 A Simple Prayer
806	Sun Of My Soul
807	Jesus Let Us Come To Know 768 Jesus Lover Of My Soul
808	A Wonderful Savior (Crosby) 508 A Wonderful Savior (Howard) 913 Abide With Me
809	Lord Dismiss Us
810	Listen To Our Hearts
812	The Love Of God (Beasley) 122 The Name Of God
813	Jesus Meek And Gentle
814	Jesus Lover Of My Soul
815	Father Whate'er Of Earthly
817	See His Glory
818	Revive Us O Lord
819	Arise Shine
820	Shine Down
821	Pray All The Time
822	Sweet Will Of God
824	Still Still With Thee
826	Father We Thank Thee
827	Sweet Hour Of Prayer
828	Instruments Of Your Peace
829	God Who Made The Earth
830	Open My Eyes That I May
832	Jesus Walked This Lonesome 984 Jesus We Just Want To
833	I Want To Be Where You
834	In The Hush Of Early Morn
835	Savior Grant Me Rest And
837	I Need Thee Every Hour
838	I'm Forever Grateful
839	In His Time
840	I Will Pray
841	Hide Me O My Savior
842	Children Of The Heavens
844	Guide Me O Thou Great
845	Gentle Shepherd
846	God Moves In A Mysterious 26 God Of Grace And God Of
847	Fill Us With Your Love
848	Did You Think To Pray
849	Tis The Blessed Hour Of
851	I'll Fly Away
854	When Days Of Toil Have All 861 When He Comes In Glory
855	Home
859	What Will You Do/What shall 944 When All Of God's Singers
860	There is a gate that stands ajar 336 There Is A Habitation
862	Savior Lead Me Lest I Stray 409 Savior Like A Shepherd Lead 391 Savior More Than Life To
863	Oh That Will Be Glory
865	No Tears Up There
866	There's a Crown For Your
868	We Worship And Adore 20 Welcome Delightful Morn
869	We'll Work Till Jesus Comes 634 We're Marching To Zion
871	Beautiful (Warren)
874	Walking Alone At Eve
875	Home Of The Soul
876	Where He Leads Me I Will
878	Sweet By And By
879	Hallelujah We Shall Rise
881	Mansion Over The Hilltop
882	No Tears In Heaven
887	In The Kingdom Of The Lord 899 In The Morning Of Joy
888	Lo What A Glorious Sight
889	On Jordan's Stormy (O’Kane) 886 On Jordan's stormy banks
890	No Night There
891	Peace In The Valley
894	Beulah Land
895	I'll Live In Glory
896	Ivory Palaces
897	Sail Away Home
898	Paradise Valley
900	The Sands Of Time
902	Nothing But The Blood
904	Have you been to Jesus
905	Yield Not To Temptation
906	Room At The Cross
907	Hark The Gentle Voice
908	There's a Stranger At The
909	There's a Fountain Free
911	Bring Christ Your Broken
915	True Hearted Whole Hearted 629 Trust And Obey
916	What A Day That Will Be
917	I Bring My Sins To Thee
918	Out Of My Bondage
919	Behold A Stranger At The
920	Whosoever Heareth
923	I Am Coming Lord
924	Just A Few More Days 864 Just A Little Talk With Jesus 959 Just As I Am
926	What Is He Worth To Your 321 What Will You Do With
927	Why Keep Jesus Waiting
928	For The Beauty Of The Earth 67 For Those Tears I Died
931	Wake Up O Sleeper
934	Softly And Tenderly
935	Sinners Jesus Will Receive
936	Lord I'm Coming Home
937	Jesus Is Calling
939	O Why Not Tonight
940	One Sweetly Solemn Thought 500 Only A Step
943	Do You Know My Jesus
945	Kneel At The Cross
946	Let Jesus Come Into Your
947	Jesus Is Tenderly Calling
948	I Am Resolved
949	Come Thou Almighty King 19 Come To Calvary
950	Come Ye Disconsolate
951	The Savior Is Waiting
958	In My Father's House
960	It's Me
961	The Walls Came Tumbling 954 The Way Of The Cross Leads 616 The Way That He Loves Me 323 There Is A Balm In Gilead
962	Were You There
963	Roll Jordan Roll
965	The Old Ship Of Zion
966	Amen
970	I'm Gonna View That Holy
971	Stand By Me
972	Lord I Want To Be A
973	Every Time I Feel The Spirit 977 Everybody Will Be Happy
974	The Rock That Is Higher
975	Get Right Church
976	I Shall Not Be Moved
979	I Am A Poor Wayfaring
980	My Lord What A Morning
981	In That Great Gettin Up
983	Jordan River
985	When Morning Comes
986	Kum Ba Yah
988	I'll Be List'ning
989	Soon And Very Soon
991	This Is My Father's World
992	Can You Count The Stars
993	What A Mighty God We
997	Now Unto The King Eternal 447 O Come All Ye Faithful
998	What Child Is This
999	The First Noel
1001	Hark The Herald Angels
1002	And Can It Be That I Should 371 Angels From The Realms 1008 Angels We Have Heard On
1003	Silent Night
1004	While Shepherds Watched
1006	To Our Redeemer's Glorious 534 To Thee We Ascribe Glory 439 To Us A Child Of Hope Is
1007	America The Beautiful
1009	Battle Hymn Of The Repub
1011	The Church In The Wild
1014	Jesus Loves Me
1015	Jesus Loves The Little
1016	This Little Light Of Mine
1017	Away In A Manger
1018	Joy To The World
1020	The Simple Old Story
1021	Stand Up Stand Up For Jesus 648 Standing On The Promises 452 Star Shine
1022	Eternal Father Strong To
1024	Must Jesus Bear The Cross 319 My Country Tis Of Thee
1025	God Of Our Fathers
1026	Battle Hymn Of The Repub
1028	O Happy Day/Acuff 956 O Heart Bowed Down/Come unto me 932 O Holy Night
1030	God Heal Our Land
