page	A_title	A_vc	B_title	B_vc
2	2 · We Praise Thee O God	5	2 · Amazing Grace	3
3	3 · Hallelujah Praise Jehovah	3	3 · At Even When the Sun Was Set	5
4	4 · To God Be the Glory	2	4 · A Beautiful Life	3
6	6 · All Creatures of Our God	4	6 · A Joyful Song	4
7	7 · Immortal Invisable	4	7 · All Things Bright and Beautiful	3
8	8 · Let Every Heart Rejoice	2	8 · A Blessing in Prayer	4
10	10 · A Mighty Fortress	4	10 · A Home up in Heaven	3
12	12 · Praise To God Immortal	3	12 · Halleujah Praise Jehovah	3
13	13 · Day is Dying in the West	4	13 · For the Beauty of the Earth	3
15	15 · Step by Step	1	15 · A Hymn of Praise	4
16	16 · Holy God We Praise Your Name	4	16 · Holy Holy Holy	3
17	17 · Praise God	4	17 · A Charge to Keep I Have	3
18	18 · Faithful Love	2	18 · All Things Praise Thee	3
19	19 · Come Thou Almighty King	3	19 · Praise the Lord O My Soul	3
20	20 · We Worship and Adore You	1	20 · Our Day of Praise Is Done	3
21	21 · There is a Savior (+1 more)	1	21 · Praise the Lord	4
23	23 · Our God He Is Alive	4	23 · Praise and Adoration	3
24	24 · Blessed be the Name of the Lord	1	24 · Let Us with a Gladsome Mind	4
25	25 · Like A River Glorious	3	25 · A Mighty Fortress	3
26	26 · God Moves in a Mysterious Way	5	26 · To God Be the Glory	3
27	27 · Blessed Be Your name	2	27 · Praise Ye the Lord of Glory	2
28	28 · Give to Our God Immortal	5	28 · Beyond the Sunset (Brock)	4
29	29 · Hallelujah Chorus	1	29 · God of Mercy and of Might	2
31	31 · Be Still and Know	2	31 · A Hill Called Mount Calvary	3
32	32 · Holy is the Lord	2	32 · The Great Physician	3
33	33 · Holy Holy-Owens	4	33 · Sound Forth His Praise Abroad	3
34	34 · Praise the Lord O Heavens	2	34 · We Freely Lift our Hearts to Thee	4
35	35 · It is Good to Sing Your Praises	3	35 · All People That on Earth Do Dwell	3
36	36 · My Tribute	1	36 · Welcome Delightful Morn	3
38	38 · Awesome God	1	38 · Again the Lord of Light and Life	4
39	39 · Awesome Power	1	39 · He Keeps Me Singing	3
40	40 · Holy Holy Holy is the Lord	1	40 · Jesus Loves the Little Children	1
41	41 · Mighty is Our God	2	41 · A Childs Evening Prayer	3
42	42 · How Majestic is Thy Name	3	42 · Jesus Friend of Children	3
43	43 · All Things Praise Thee	3	43 · My Soul Be on Thy Guard	4
44	44 · Glory be to God the Father	3	44 · Blessed Be the Name	1
45	45 · Come Into the Holy	1	45 · Grant Us Lord the Grace of Giving	1
47	47 · Holy Holy Holy	4	47 · Father We Thank Thee	1
48	48 · O Love That Will Not Let	4	48 · Nearer Still Nearer	1
49	49 · Great and Mighty is He	1	49 · Awake and Sing the Song	1
51	51 · Father of Mercies	3	51 · Savior Teach Me	1
52	52 · Father and Friend	3	52 · O God Our Help in Ages Past	1
53	53 · Father I Adore You	3	53 · The Son of God in His Glory	1
54	54 · We Bring the Sacrifice	1	54 · I Will Sing of My Redeemer	1
55	55 · I Will Bless Thee O Lord	2	55 · I Will Sing the Wondrous Story	1
56	56 · Lord We Praise You	3	56 · If You Keep Your Heart Singing	1
57	57 · Great is Thy Faithfulness	3	57 · In the Summer Land of Song	1
58	58 · A Charge to Keep	3	58 · I Love the Lord	1
60	60 · He is Exalted	1	60 · O What Singing in Heaven	1
61	61 · Be Exalted O God-Chambers	1	61 · Working and Singing	1
62	62 · I Exalt Thee	1	62 · Sing On	1
63	63 · I Will Call Upon the Lord	1	63 · Beautiful Valley of Eden	1
64	64 · I Worship You Almighty God	1	64 · When All of Gods Singers Get Home	1
66	66 · DOXOLOGY-Praise God From Whom	1	66 · In that Land of Perfect Love	1
67	67 · For The Beauty of the Earth	3	67 · At Calvary	1
68	68 · Give Thanks	1	68 · Sing of His Love (Stuckey)	1
69	69 · God Holds the Future	4	69 · Bring Them In	1
70	70 · Ah Lord God	1	70 · The New Song	1
71	71 · As the Deer	2	71 · Abide with Me; 'Tis Eventide	1
72	72 · Blessed be the Lord God	1	72 · Awake My Soul Stretch Every Nerve	1
74	74 · Praise the Lord	4	74 · Singing a Wonderful Song	1
75	75 · I Sing the Mighty Power	5	75 · Beyond the Sunset (Pollard)	1
76	76 · How Great Thou Art	4	76 · Singing All the While	1
77	77 · Glorify Thy Name	3	77 · Anywhere with Jesus	1
78	78 · God Still Lives	4	78 · He Gave Me a Song	1
81	81 · Bless His Holy Name	3	81 · Rise Up O Men of God	1
82	82 · Bless God	2	82 · What a Great Singing	1
83	83 · God is So Good	4	83 · O Lord of Heaven and Earth and Sea	1
84	84 · Let the Whole Creation Cry	6	84 · Sing of His Love (Howard)	1
85	85 · All Things Bright and Beautiful	3	85 · Close to Thee	1
87	87 · Sing Amen	2	87 · In Remembrance	1
89	89 · Be Exalted O God-Young	1	89 · Tis Set the Feast Divine	1
91	91 · Bring Christ Your Broken Life (+1 more)	4	91 · We Give Thee But Thine Own	1
92	92 · Glorious Things of Thee	3	92 · When My Love to Christ Grows Weak	1
93	93 · God Who Stretched the Spangled	3	93 · When I Survey the Wondrous Cross	1
95	95 · Yes I Believe God is Real	4	95 · Upon the First Day of the Week	1
96	96 · I Stand in Awe	2	96 · Father and Friend Thy Light	1
97	97 · I Sing Praises	2	97 · Savior More Than Life to Me	1
99	99 · In His Presence	2	99 · Night with Ebon Pinion	1
100	100 · Holy Ground-Beatty	2	100 · The Lords Supper	1
101	101 · Holy Ground-Davis (+1 more)	2	101 · O Sacred Head	1
102	102 · Great is the Lord Almighty	4	102 · So Tender So Precious	1
103	103 · He Has Made Me Glad	1	103 · I Gave My Life for Thee	1
104	104 · From Every Stormy	4	104 · Tis Midnight and on Olives Brow	1
105	105 · Almighty	2	105 · Take My Life and Let It be	2
107	107 · Holy Holy Holy Hosanna	1	107 · Oft We Come Together	1
108	108 · The Lord is in His Holy Temple	1	108 · Not Made with Hands	1
109	109 · Praise the Lord who Reigns	3	109 · Am I a Soldier of the Cross	1
111	111 · Grace Greater Than Our Sin	3	111 · Arise You Saints of God	1
112	112 · Wonderful Grace of Jesus	3	112 · Broad is the Road That Leads to Death	2
113	113 · His Grace Reaches Me	2	113 · Blessed Savior Firmly Guide Us	1
115	115 · Sweet Peace the Gift	3	115 · A Beautiful Prayer	2
116	116 · God will make a way	1	116 · Baptized into Our Saviors Death	1
117	117 · God is the Fountain Whence	3	117 · As the Life of a Flower	2
118	118 · God Has Smiled on Me	2	118 · An Empty Mansion	1
119	119 · Behold What Manner	1	119 · As We Serve the Lord and King	1
121	121 · God Is Love	3	121 · After the Midnight	2
122	122 · The Love of God-Beaz	3	122 · Labor On	1
123	123 · The Steadfast Love of the Lord	1	123 · As We Travel through This Life	1
124	124 · Grace Tis A Charming Sound	4	124 · Bring Christ Your Broken Life	1
125	125 · For God So Loved Us	3	125 · At the Coming of the Lord	1
126	126 · The Lord My Shepherd Is	3	126 · Safe in the Bosom	1
127	127 · When all Thy Mercies	4	127 · Be a Shining Light for Jesus	1
129	129 · Amazing Grace	4	129 · Beautiful	1
130	130 · Children of the Heavenly	4	130 · Faith of Our Fathers	1
131	131 · Give to the Winds Your	2	131 · Beautiful Gleanings Bring	1
132	132 · Thy Loving Kindness	2	132 · Flee as a Bird	1
133	133 · The Love Of God-Lehman	3	133 · Eternal Father	1
134	134 · The Lord's My Shepherd-Campbell	5	134 · Cast Thy Burdens on the Lord	1
135	135 · O How Kindly Hast	2	135 · Glory for Me	1
136	136 · Love for All	4	136 · Beulah Land	1
138	138 · Our Heavenly Father Understands	3	138 · Bringing in the Sheaves	1
139	139 · In Heavenly Love	3	139 · Blessed Be the Fountain	1
140	140 · Love Divine	3	140 · Cast All your Burdens on Jesus	1
141	141 · Heavenly Father We Appreciate	3	141 · Blessed Assurance	3
143	143 · Come Christians Join To Sing	3	143 · By Faith I Can See	1
144	144 · O Worship the King	3	144 · Blest Be the Tie That Binds	1
145	145 · All Hail the Power of Jesus Name-Ellor	4	145 · By His Wonderful Grace	1
146	146 · Alleluia Hearts to Heaven	3	146 · Call for Workers	1
147	147 · I Stand Amazed	4	147 · A New Creature	1
148	148 · I Keep Falling In Love	3	148 · Christ Receiveth Sinful Men	1
149	149 · The Head that Once Was Crowned	4	149 · Consider the Lilies	4
150	150 · Worthy the Lamb that was Slain	2	150 · Just a Closer Walk with Thee	1
151	151 · How Sweet the Name of	4	151 · Now I Must Tell It to You	1
153	153 · Come Let us Worship	1	153 · Because He Cares	1
154	154 · Adoration	2	154 · God Sent His Own Son	1
155	155 · Highest Place	1	155 · There's an Urgent Call	1
156	156 · Beautiful-Cleveland	2	156 · Death Is Only Our Translation	1
157	157 · The King is Coming	1	157 · Declare His Love	1
158	158 · The Sweetest Name of All	3	158 · Guide Me O Thou Great Jehovah	1
159	159 · You Are My God	1	159 · Savior Like a Shepherd Lead Us	1
160	160 · Arise My Love	4	160 · Rescue the Perishing	1
162	162 · All Hail the Power of Jesus Name-Holden	4	162 · Because He Lives	1
163	163 · His Name is Wonderful	2	163 · Does Jesus Care	1
164	164 · Emmanuel	1	164 · Because He Died for Me	1
165	165 · Alleluia Sing to Jesus	3	165 · He Cares for Me	1
166	166 · He's My King	2	166 · How Shall the Young Secure Their Hearts	1
167	167 · Hosanna	2	167 · Father Forgive Them	1
168	168 · Glory	2	168 · God Move in a Mysterious Way	1
169	169 · Celebrate Jesus	2	169 · Blessed Redeemer	1
171	171 · Above All Else	4	171 · Camping toward Canaans Land	1
172	172 · I Just Came To Praise the Lord	3	172 · Closer to Thee	1
173	173 · Even Winds Whisper His Name	2	173 · Count Your Blessings	1
175	175 · Lift High the Lord our Banner	3	175 · Can He Depend on You	2
176	176 · Lamb of God	3	176 · Cling to His Hand	1
178	178 · All Hail King Jesus	1	178 · I Know That My Redeemer Lives (Rosecrans)	1
179	179 · He is Lord	2	179 · Do You Know My Jesus	1
180	180 · Jesus is Lord	3	180 · We er Marching to Zion	1
181	181 · Bless the Name of Jesus	2	181 · To That City Will You Go	1
182	182 · Lord Our Lord Your Glorious	4	182 · The Lord's My Shepherd (Rous)	1
183	183 · Lord of All Being Throned	3	183 · Redeemed (Crosby)	1
185	185 · Jesus Thy Name I Love	3	185 · There Is Sunshine	1
186	186 · Christ We Do All Adore	1	186 · Sunset	1
187	187 · Great is the Lord	2	187 · I Want to Be a Worker	1
188	188 · Bless That Wonderful Name	5	188 · We Shall Meet Some Day	1
189	189 · Master the Tempest	3	189 · Labor for the Savior	1
190	190 · O Jesus My Savior	3	190 · Getting Ready to Leave This World	1
192	192 · Stand Up and Bless the Lord	5	192 · Room in Gods Kingdom	1
193	193 · Crown Him with Many Crowns	4	193 · The Spacious Firmament on High	1
194	194 · Great is Thy Faithfulness-Ref	1	194 · Savior Lead Me	1
195	195 · Behold a Stranger (+1 more)	1	195 · The Lion of Judah	1
196	196 · More Than Anything	2	196 · Sweeter Than All	1
197	197 · O Twas Wonderful Love	3	197 · O Lord We Do Delight in Thee	1
198	198 · Here We Are	1	198 · Wonderful Jesus	1
199	199 · His Name Is Jesus	2	199 · Safe in the Harbor	1
200	200 · Jesus Thou Joy of Loving Hearts	5	200 · Press Along to Gloryland	1
202	202 · Joyful Joyful We Adore Thee	3	202 · There Stands a Rock	1
203	203 · Let There Be Praise	1	203 · Lean on His Arm	1
204	204 · Glorious is Thy Name	4	204 · Lead and Keep Me	1
205	205 · Worthy is the Lamb that was	1	205 · God Will Take Care of You	1
206	206 · O Could I Speak	4	206 · Rejoicing in Hope	1
207	207 · Let the Lord be Praised	3	207 · Let Him Have His Way with Thee	1
208	208 · Hosanna Loud Hosanna	3	208 · Safe in the Arms of Jesus	1
209	209 · Marvelous Things	4	209 · Trials Dark on Ev ry Hand	1
212	212 · When I Look Into Your Holiness	2	212 · Will the Gates Open for Me	1
213	213 · He is Able	1	213 · O God of Infinite Mercy	1
214	214 · Have You Seen Jesus My Lord	4	214 · Hark The Cry of Those in Anguish	1
215	215 · O Lord Our Lord	3	215 · After Awhile	1
216	216 · What A Lovely Name	3	216 · Eternal Father Strong to Save	1
218	218 · Blessed Jesus	3	218 · That Beautiful Home (Bates)	1
221	221 · Jesus Name Above All Names	1	221 · He Is Coming Again	1
222	222 · There's Something About that Name	1	222 · Father Mighty Lord of Glory	1
223	223 · His Name is Life	1	223 · How Sweet How Heavenly Is the Sight	1
224	224 · Blessed Be the Name	4	224 · Always beside Me	1
225	225 · He's A Wonderful Savior	3	225 · Great Sovereign of the Universe	1
226	226 · Come Thou Fount of	3	226 · He Loves Me	1
227	227 · On Zion's Glorious Summit	3	227 · How Sweet the Name of Jesus	1
228	228 · Oh How He Loves You and Me	2	228 · Am I a Soldier of the Cross	1
230	230 · Worthy Art Thou	3	230 · Heaven Holds All to Me	1
231	231 · Thou Art Worthy	3	231 · Heaven Will Surely Be Worth It All	1
232	232 · Worthy You are Worthy	3	232 · Heavenly Sunlight	1
233	233 · O For a Thousand Tongues	5	233 · Footprints of Jesus	1
234	234 · Worthy is the Lamb	3	234 · Angels Are Singing	1
235	235 · Let All that's within Me	3	235 · Glory to His Name	1
237	237 · I Will Bless the Lord at all Times	2	237 · Beyond This Land of Parting	1
238	238 · You are the Words and Music	1	238 · Im Not Ashamed to Own My Lord	1
239	239 · In Moments Like These	3	239 · Angry Words	1
240	240 · King of Kings	2	240 · Have Thine Own Way	1
241	241 · Resurrection	5	241 · Heaven	1
242	242 · Sing Hallelujah to the Lord	6	242 · Anywhere Is Home	1
243	243 · Our God Reigns	3	243 · If I Have Wounded Any Soul	1
245	245 · We Are the Reason	1	245 · Into the Heart of Jesus	1
246	246 · Let Me Be a Sacrifice	1	246 · Beautiful Star of Bethlehem	1
247	247 · In the Name of the Lord	1	247 · From Heaven Came a Sinless One	1
249	249 · Jesus Christ is Risen Today	4	249 · I Am Thine O Lord	1
251	251 · The Lord Thy God	2	251 · Do All in the Name of the Lord	1
253	253 · Sweet Adoration	1	253 · Father Forgive Us	1
254	254 · Sweet Aroma	2	254 · Jesus Savior Pilot Me	1
255	255 · Jesus is the Sweet Name	1	255 · Early My God without Delay	1
257	257 · Jesus What a Friend to	5	257 · Jesus and Shall it Ever Be	1
258	258 · The New Song	3	258 · Dont Scatter the Sheep	1
259	259 · When This Passing World	4	259 · Fountain of Love	1
260	260 · Majestic Sweetness-Hastings	4	260 · Great Is thy Faithfulness	1
261	261 · Lord of our Highest Love	5	261 · Dwell within Us Blesses Savior	1
262	262 · Thine is the Glory	3	262 · God Is the Fountain Whence	1
264	264 · O Come Let Us Adore Him	4	264 · Whiter Than Snow	1
265	265 · Let There Be Glory	1	265 · Harvest Time	1
266	266 · Majesty	2	266 · Father of Mercies	1
269	269 · Thomas' Song	4	269 · Down in the Valley	1
270	270 · To Him Who Sits	2	270 · Fairest Lord Jesus	1
271	271 · Son of Man	2	271 · Faith Is the Victory	1
273	273 · More Precious Than Silver	1	273 · A Soul Winner for Jesus	1
274	274 · Lord I Want to Love You More	1	274 · Ill Go	1
275	275 · O Lord Your Beautiful	1	275 · Glorious Things of Thee Are Spoken	1
276	276 · Turn Your Eyes Upon	3	276 · I'll Live for Him	1
277	277 · Hark Ten Thousand Harps	3	277 · Hide Me O My Savior Hide Me	1
278	278 · Victory Chant	4	278 · I Want to be Ready to Meet Him	1
279	279 · We Shall Behold Him	2	279 · Keep Walking	1
280	280 · Thou Art The Way	3	280 · I'm Bound for the Kingdom	1
282	282 · O Praise the Lord	1	282 · I'll Never Forsake My Lord	1
283	283 · O Lord We Praise Thy Name	3	283 · In the Shadow of the Cross	1
284	284 · Rejoice the Lord is King	4	284 · In the Shelter of His Arms	1
285	285 · Wonderful is My Redeemer	3	285 · Let Me Live Close to Thee	1
286	286 · Wonderful Story of Love	3	286 · It Pays to Serve Jesus	1
287	287 · There Is A Redeemer	3	287 · Our Heavenly Father Understands	1
288	288 · Fairest Lord Jesus W-descant (+1 more)	3	288 · Take My Hand Precious Lord	1
290	290 · Shine Jesus Shine (+1 more)	3	290 · Crossing the Bar	1
291	291 · The Great Physician	4	291 · Soon We ll Meet Him We Adore	1
292	292 · All Rise	2	292 · Lord Give Us Noble Purpose	1
294	294 · You're the One	6	294 · O God Be with Us	1
296	296 · We Have Come Into His House	2	296 · Lowly in Spirit	1
297	297 · The Day of Resurrection	3	297 · The Unclouded Day	1
298	298 · Easter Song	2	298 · Lead Kindly Light	1
300	300 · Praise Him Praise Him	3	300 · Lord with Grateful Hearts We Praise Thee	1
303	303 · O Worship The King vr1	1	303 · There Is a Land (Holland)	2
304	304 · All Hail the Power of Jesus Name-st1	1	304 · This Is My Fathers World	1
305	305 · Crown Him With Many Crowns-Vr1	1	305 · We Thank Thee O Father	1
306	306 · Rejoice the Lord is-Reprise	1	306 · When My Work on Earth Is Done	1
307	307 · Jesus the Very Thought	4	307 · Valiant Soldiers of Christ Our King	1
308	308 · Wonderful Love of Jesus	3	308 · My God My Father Though I Stray	1
309	309 · In my Life Lord Be Glorified	3	309 · Resurrection	2
310	310 · At the Name of Jesus	3	310 · We ll Tour the Golden City	1
313	313 · The Old Rugged Cross	4	313 · Our Father in Heaven	1
314	314 · Beneath the Cross of Jesus	4	314 · The Precious Book Divine	1
315	315 · When I Survey the Wondrous	4	315 · God Shall Wipe Away All Tears	2
316	316 · Jesus Paid it All-(Gone is)	2	316 · None of Self and All of Thee	1
317	317 · Here O Lord I See	3	317 · If the Light Has Gone Out	6
318	318 · O Sacred Head	2	318 · He Will Pilot Me	9
319	319 · Must Jesus Bear the Cross	2	319 · I Need Thee Every Hour	6
320	320 · Nearer the Cross	3	320 · If Jesus Goes with Me	12
321	321 · What is He Worth	3	321 · Can I More Sincerely Say	8
323	323 · The Way that He Loves	2	323 · I'll Be Satisfied Then	6
324	324 · Alas and Did my Savior Bleed	4	324 · I'll Be Satisfied	6
325	325 · Boundless Love	2	325 · I Am Thinking Today	6
327	327 · All Because of God's Amazing	3	327 · I'll Go Where You Want Me to Go	9
328	328 · Wounded for Me	3	328 · How Wondrous and Great	12
329	329 · What a Savior	3	329 · I'll Live On	8
331	331 · Blessed Redeemer	3	331 · I'll Wake Up in Glory Some Day	12
332	332 · Lead Me To Calvary	4	332 · Ill Walk with Jesus	8
333	333 · I Will Praise Him	3	333 · Exalt Ye the Lord	6
334	334 · Tis Midnight and On Olive's	4	334 · Drifting Along	9
335	335 · In Memory of the Savior's Love	3	335 · Is It for Me	6
336	336 · There is a Gate that Stands	3	336 · I'm Going That Way	12
337	337 · Hallelujah What A Savior	5	337 · In the Cross of Christ I Glory	4
338	338 · On the Cross of Calvary	3	338 · Im Smiling though the Tears	8
340	340 · Jesus - Howard	4	340 · Immortal Love Forever Full	4
341	341 · Rabboni	3	341 · In Gethsemane Alone	6
342	342 · We Saw Thee Not	4	342 · I Know I Love Thee Better Lord	6
344	344 · Low in the Grave	3	344 · Grace Tis a Charming Sound	6
345	345 · Christ the Lord is Risen	4	345 · In Heavens Beautiful Land	12
346	346 · He Lives	3	346 · Love Possessing	4
348	348 · That Last Lonely Mile	2	348 · Let Us Serve Jesus Now	6
349	349 · Ten Thousand Angels	4	349 · I Believe in Jesus	6
350	350 · When My Love To Christ	5	350 · I Came to Jesus for Pardon	8
351	351 · He Bore It All	3	351 · I Walk with the King	12
352	352 · My Sins My Sins My Savior	3	352 · Jesus Rose Of Sharon	6
353	353 · One Day	5	353 · Jesus Saves	6
354	354 · I Gave My Life to Thee	4	354 · Ring Out Salvations Free	9
356	356 · I Believe in Jesus	3	356 · Let Jesus Dwell within Your Soul	12
357	357 · Bethlehem-Galilee-Gethsemane (2) (+1 more)	3	357 · O Love That Wilt Not Let Me Go	3
358	358 · Jesus is Lord of All	3	358 · I'll Meet You in the Morning	9
359	359 · I Love the Lord-Wheeler	3	359 · There's a Rainbow in the Cloud	8
360	360 · Go to Dark Gethsemane	3	360 · The Lord Has Been Mindful of Me	6
361	361 · Nailed to the Cross	3	361 · Home of the Soul	9
363	363 · Breath of Heaven	1	363 · I Am the Vine	6
364	364 · Come Share the Lord	3	364 · I Have Heard of a Land (White)	6
365	365 · How Beautiful	3	365 · In That Home Just Over There	11
366	366 · By Christ Redeemed	3	366 · Jesus Knows and Cares	6
367	367 · The Scars in the Hands of Jesus	2	367 · In That Morning Bright and Fair	9
369	369 · It is Finished	5	369 · In the By and By	6
371	371 · And Can it Be-Campbell	4	371 · In the Morning of Joy	9
372	372 · The First Lord's Day	3	372 · In the Service of My King	8
373	373 · A Hill Called Mount Calvary	3	373 · I Know	6
374	374 · There Is A Fountain	3	374 · Into Our Hands	6
375	375 · Oh the Depths and the Riches	3	375 · Inside the Gate	12
376	376 · He Paid a Debt	3	376 · I Hope He Is Yours	6
377	377 · He Still Came	2	377 · I Love to Tell the Story	8
379	379 · If That Isn't Love	2	379 · Joyful Joyful We Adore Thee	6
381	381 · Years I Spent in Vanity	4	381 · I'll Meet You by the River	12
382	382 · Why Did My Svior Come to Earth	3	382 · The Churchs One Foundation	5
383	383 · Jesus Keep Me Near the Cross	3	383 · His Yoke Is Easy	8
385	385 · Robe of Calvary	2	385 · In the Light of His Love	9
386	386 · He Loves Me-SFP	3	386 · I Am So Glad	6
387	387 · Tell Me the Story of Jesus	6	387 · In the Masters Keeping	8
389	389 · I heard the voice Of Jesus	3	389 · When the Roll Is Called Up Yonder	8
390	390 · Guide me O Thou Great	3	390 · We Have an Anchor	8
391	391 · Savior Like a Shepherd	3	391 · It Is Glory Just to Walk with Him	9
393	393 · The Lord's My Sheperd-Irvine	5	393 · Jesus Hold My Hand	12
394	394 · Walk With Me	2	394 · The Worlds Greatest Story	8
395	395 · Follow Me	3	395 · I'll Sail Away Home Some Sweet Day	11
396	396 · No not one	3	396 · O Grant Us Light	3
397	397 · The Day Thou Gavest	4	397 · I'll Fly Away	6
398	398 · Surely the Presence	1	398 · What a Day That Will Be	6
399	399 · Jesus Calls Us	4	399 · I'm Bound for the Land of Canaan	12
400	400 · There's A Light Shinning	3	400 · Lord Dismiss Us	3
401	401 · Christ's Love Is All I Need	3	401 · I Want My Light to Shine	6
403	403 · I Hold His Hand	2	403 · I Need Thee Lord	5
405	405 · If Jesus Goes With Me	3	405 · The Trial of Jesus	12
406	406 · Just A Closer Walk With	3	406 · O God Almighty in Us Dwell	3
408	408 · Take my Life Lord Lead Me	3	408 · Are You Coming to Jesus Tonight	6
409	409 · Savior Lead Me	3	409 · Are You Living Afar	6
410	410 · He Leadeth Me	3	410 · Christ Is Calling for You	6
412	412 · Jesus Hold My Hand	3	412 · Christ Is Calling	8
413	413 · Lord Be There	1	413 · Come to the Savior	6
414	414 · Anywhere with Jesus	4	414 · Why Keep Jesus Waiting	5
415	415 · Each Step I Take	3	415 · Come to Christ with Your Sins	6
416	416 · Footprints of Jesus	4	416 · I Am Coming to the Cross	8
417	417 · Where He Leads I'll Follow	3	417 · Where He Leads Me I Will Follow	6
418	418 · Breathe On Me Breath of God (+1 more)	4	418 · Come and Accept the Lords Invitation	8
420	420 · Cleanse Me O God	4	420 · Come to the Feast	8
421	421 · Sweet Sweet Spirit	2	421 · Come to the Blood	8
422	422 · Spriit of the Living God	1	422 · Dont Wait Too Long	6
423	423 · Holy Spirit Truth Divine	4	423 · Come to the Cross of Jesus	6
424	424 · Gracious Spirit Dwell With Me	3	424 · Hark The Gentle Voice	6
425	425 · Where the Spirit of the Lord is	1	425 · Dont You Want to Be Ready	8
426	426 · Holy Spirit Thou Art Welcome	1	426 · Come unto Me (Belden)	9
427	427 · Come Holy Spirit Dove Divine	4	427 · Come unto Me (Jones)	12
428	428 · Holy Spirit Light Divine	3	428 · Tell Me the Old Old Story	9
429	429 · O To Be Like Thee	3	429 · Hide You in the Blood of Jesus	8
431	431 · Break Thou the Bread	2	431 · O Hear the Voice of Jesus Say	6
432	432 · How Shall the Young Secure	3	432 · How Sweet the Voice That Calls	8
433	433 · Holy Bible Book Divine	4	433 · Softly and Tenderly	8
434	434 · Not to Us	1	434 · I Am Praying for You	6
435	435 · Come Into His Presence	1	435 · There Is Power in the Blood	8
436	436 · My Help Comes from the Lord	2	436 · Jesus I Come	6
437	437 · There is No Condemnation	1	437 · Be Washed in His Blood	8
438	438 · The Voice of the Lord	3	438 · Loving Father We Thy Children	3
439	439 · To Thee We Ascribe Glory	2	439 · All the Way My Savior Leads Me	8
440	440 · Glorify the Lord With Me	1	440 · Jesus Is Calling You	6
441	441 · You are My Hiding Place	1	441 · O Why Not Tonight	8
442	442 · I Will Sing of the Mercies	1	442 · Prepare to Meet Thy God	10
443	443 · The Precious Book	3	443 · O Hear the Wonderful Call	6
444	444 · Psalm 137	1	444 · There's a Stranger at the Door	8
445	445 · Out of the Depths	3	445 · When I Can Read My Title Clear	4
446	446 · Hear O Israel	7	446 · While We Pray and While We Plead	8
447	447 · Now Unto the King Eternal	1	447 · Someday You'll Stand at the Bar on High	6
448	448 · The Greatest Commands	3	448 · Jesus Is Standing Here	8
449	449 · Thy Word	1	449 · Though Your Sins Be As Scarlet	8
450	450 · Give me the Bible	3	450 · Jesus Will Give You Rest	6
452	452 · Standing on the Promises	4	452 · The Cleansing Wave	6
453	453 · Love Lifted Me	3	453 · I Am Resolved	8
454	454 · Rock of Ages	3	454 · Take the First Step Home Today	8
455	455 · Where Peace Like A River	3	455 · Room at the Cross	6
456	456 · There's A Rainbow	4	456 · There's a Fountain Free	6
457	457 · How Firm a Foundation	3	457 · While Jesus Whispers to You	6
458	458 · Redeemed-Rowe	3	458 · Room at the Cross for You	6
460	460 · Washed in the Blood	3	460 · Who at the Door Is Standing	6
461	461 · God Will Take Care Of You	4	461 · There's a Great Day Coming	6
463	463 · I Know Who Holds Tomorrow	6	463 · Time Enough Yet	8
464	464 · Because He Lives alt (+1 more)	3	464 · Too Late	8
465	465 · I Know that My Redeemer-Fillmore ref	1	465 · Are You Washed in the Blood	6
466	466 · Thanks to God for My Redeemer	6	466 · Trust and Obey	8
467	467 · We Have An Anchor	3	467 · Where the Blood Can Heal	10
469	469 · Faith is the Victory	3	469 · What Shall Our Answer Be	9
470	470 · Victory in Jesus	3	470 · Come Walk with Christ	6
471	471 · Let God Arise	2	471 · Who Will Follow Jesus	8
472	472 · A Shelter in time of Storm	4	472 · Whosoever Will	8
473	473 · Safe in the Arms of Jesus	3	473 · Why Dont You Come In	8
474	474 · Thank You Lord-Mabry (+1 more)	3	474 · I Have a Loving Shepherd	9
475	475 · Glory To His Name	3	475 · What Will Your Record Be	8
477	477 · Near to the Heart of God	3	477 · Come to Jesus	6
478	478 · Nearer Still Nearer	4	478 · I Am Coming Lord	6
479	479 · Peace Perfect Peace	4	479 · Jesus Is Calling	6
480	480 · Blessed Assurance	3	480 · Soul a Savior Thou Art Needing	6
482	482 · Saved by the Blood	3	482 · There's a Fountain Gently Flowing	12
483	483 · Is It for Me	4	483 · What Mighty Power	3
484	484 · You are My All in All	2	484 · Jesus Now Is Calling	6
485	485 · Take the World but Give me	2	485 · What Will You Do with Jesus	6
486	486 · Wonderful He is to Me	3	486 · Must Jesus Bear the Cross Alone	3
488	488 · Into the Heart of Jesus	4	488 · Is Thy Heart Right with God	6
489	489 · Is It Well With Your Soul	3	489 · Lord of All Being Throned Afar	5
490	490 · It is Well with My Soul	3	490 · Where Will You Live Eternally	6
491	491 · Since I Have Been Redeemed	3	491 · Jesus Is Tenderly Calling	6
492	492 · Only in Thee	3	492 · Softly Now the Light of Day	3
493	493 · It is No Secret	2	493 · When Morning Lights the Eastern Skies	3
494	494 · O Happy Day	3	494 · The Gate Ajar	6
495	495 · Once for All	3	495 · How Beautiful Heaven Must Be	6
496	496 · O Listen to Our Wondrous Story	3	496 · I Know He Walks with Me	6
497	497 · Whispering Hope	3	497 · Lord I Am Coming to Thee	6
498	498 · Christ is Precious	3	498 · I Know Who Holds Tomorrow	9
499	499 · He Whispers Sweet Peace	3	499 · I Feel Like Traveling On	8
500	500 · One Sweetly Solemn Thought	5	500 · I Hold His Hand	9
501	501 · Though Your Sins be	2	501 · No Not One	6
502	502 · Jesus is Mine	3	502 · I Want to Know More about My Lord	12
503	503 · In Sorrow I Wandered	3	503 · Zion's Call	6
504	504 · In Loving Kindness	4	504 · Sweeter As the Years Go Drifting By	6
506	506 · No One Ever Cared for Me	2	506 · Sweet Is the Solemn Voice That Calls	3
507	507 · Does Jesus Care	3	507 · Salvation Has Been Brought Down	12
508	508 · A Wonderful Savior	4	508 · If We Never Meet Again	9
509	509 · I Will Sing the Wondrous	3	509 · Jesus Is Mine	3
510	510 · I Lay My Sins	3	510 · I Surrender All	6
511	511 · Am So Glad	3	511 · Where the Roses Never Fade	6
513	513 · I Will Sing of My Redeemer	3	513 · Sunrise in Glory	6
514	514 · Redeemed	3	514 · I Shall Know Him	8
515	515 · Let the Redeemed	1	515 · Do You Love the Lord	6
517	517 · Heaven Came Down	3	517 · Savior Breathe an Evening Blessing	3
519	519 · God is My Refuge	3	519 · More Holiness Give Me	3
520	520 · In the Cross of Christ	4	520 · Lord Lead Me On	9
521	521 · Saved Saved	3	521 · My Idle Words	5
522	522 · O God our help-Bradbury	4	522 · Ye Must Be Born Again	6
523	523 · I Know the Lord will Find a Way	3	523 · Sweet Peace the Gift of Gods Love	6
524	524 · I know whom I have believed	4	524 · Just Over in the Gloryland	10
525	525 · He Knows Just What I Need	3	525 · Glory Will Be Mine	6
526	526 · Jesus and Shall it	4	526 · Jesus the Loving Shepherd	9
527	527 · He Touched Me	2	527 · It Is Well with My Soul	5
528	528 · I Know that My Redeemer-Filmore	4	528 · See Christ in Gethsemane	6
529	529 · I Know that My Redeemer Liveth	3	529 · My Hope Is Built on Nothing Less	6
530	530 · Majestic Sweetness	5	530 · Surely Goodness and Mercy	8
531	531 · Like A River	2	531 · Living by Faith	12
532	532 · All People That on Earth Do Dwell	4	532 · Purer Yet and Purer	3
533	533 · I Am A Sheep	2	533 · Were You There	4
534	534 · To Our Redeemer's Glorious	3	534 · O Spread the Tidings Round	9
535	535 · The Glory Land Way-SFP	3	535 · The Lord Is in His Holy Temple	1
537	537 · Here We Are But Straying	3	537 · Hide Me Rock of Ages	12
538	538 · My Hope is Built	4	538 · Love for All	5
539	539 · Higher Ground	4	539 · Have You Heard	7
540	540 · O For A Faith	4	540 · Help Me Lord to Stand	12
541	541 · The Rainbow of Love	3	541 · Ten Thousand Angels	10
543	543 · Wonderful Words of Life	3	543 · He Lifted Me	6
544	544 · Without Him	2	544 · He Whispers Sweet Peace to Me	8
545	545 · Precious Memories	3	545 · He'll Understand and Say Well Done	8
546	546 · Till the Storm Passes By	3	546 · I'll Be a Friend to Jesus	8
547	547 · Go Labor On	2	547 · He Bore It All	11
548	548 · The Lily of the Valley	3	548 · Jesus Will Lead Me	6
549	549 · There is Sunshine	3	549 · He Will Not Leave Me Alone	8
550	550 · I Walk With the King	3	550 · He's Calling You	9
552	552 · Have Thine Own Way	3	552 · His Love Is My Song	6
553	553 · I'll Live For Him	2	553 · Home on the Banks of the River	8
554	554 · O Jesus I Have Promised	3	554 · I'll Be List'ning	8
555	555 · Seek Ye First	3	555 · Heavens Jubilee	9
556	556 · There Is A Sea	3	556 · Some Sweet Day	5
557	557 · Rise Up O Men of God	4	557 · On Zion's Glorious Summit	6
558	558 · There Stands A Rock	3	558 · Onward Christian Soldiers	8
559	559 · The Joy of the Lord-SFP	3	559 · The Pearly White City	9
560	560 · Living by Faith	3	560 · Over There	6
562	562 · I Need Jesus	3	562 · Stepping in the Light	6
563	563 · I Love You My Jesus	2	563 · Our God He Is Alive	10
564	564 · I Must Tell Jesus	3	564 · Tell Me the Story of Jesus	9
565	565 · Sweeter as the Years Go By	3	565 · Take My Hand and Lead Me	6
566	566 · Shall I Crucify My Savior	4	566 · We Shall See the King Some Day	8
567	567 · Restore My Soul	3	567 · Watching You	6
568	568 · Jesus Rose of Sharon	4	568 · Take the Name of Jesus with You	6
569	569 · Sweeter Than All	3	569 · Hide Thou Me	9
570	570 · A Beautiful Life	4	570 · Tarry with Me	6
571	571 · Something Beautiful	1	571 · His Grace Reaches Me	6
572	572 · Each Step of the Way	2	572 · Something for Jesus	3
573	573 · Shall I Be Ashamed	3	573 · Oh What Wondrous Condescension	4
574	574 · O How I Love Jesus	3	574 · Hear Us Father	6
575	575 · Reach our and touch the Lord	1	575 · O Thou Fount of Every Blessing	6
577	577 · We Bow Down	2	577 · Only a Shadow Between	6
578	578 · We Will Glorify	4	578 · On the Cross of Calvary	12
579	579 · Praise the Name of Jesus	1	579 · The Saints Immortal Home	8
580	580 · The Joy of the Lord	3	580 · Master the Tempest Is Raging	12
581	581 · I'd Rather Have Jesus-Shea	3	581 · O That Will Be Glory	6
582	582 · My Faith Has Found a Resting	4	582 · Not a Step without Jesus	6
583	583 · Jesus Flow Like A River	2	583 · Jesus My Friend	9
584	584 · Close to Thee	2	584 · I Know Whom I Have Believed	6
585	585 · Lean on His Arm	3	585 · Rejoice in the Lord	8
586	586 · My Faith Looks Up To Thee	3	586 · That Glad Reunion Day	9
587	587 · Sing and Be Happy	2	587 · Wayfaring Stranger	6
589	589 · What a Fellowship	3	589 · On That Wondrous Golden Day	12
590	590 · Jesus is all the World to Me	4	590 · O Worship the King	3
591	591 · Who Can Satisfy	3	591 · I'll Live in Glory	8
592	592 · Some Day the Silver Cord	4	592 · Near to the Heart of God	6
593	593 · Consider Him	2	593 · Fear Not Little Flock	8
594	594 · Live For Jesus	3	594 · Brighten the Corner	6
595	595 · I come to the Garden Alone (+1 more)	3	595 · O God Thou Art My God Alone	4
596	596 · In The Desert of Sorrow	3	596 · Burdens Are Lifted at Calvary	6
598	598 · Day by Day	2	598 · Each Step I Take	6
599	599 · On and On We Walk Together	5	599 · For Christ and the Church	8
600	600 · God Leads Us Along	3	600 · Forward in the Work of the Lord	6
601	601 · My God and I	3	601 · From the Cross to the Crown	6
602	602 · Nobody Fills My Heart Like	2	602 · There Is a Habitation	6
603	603 · Jesus Savior Pilot Me	3	603 · One Sweetly Solemn Thought	5
604	604 · I Want to Be Ready To Meet	3	604 · I Know the Lord Will Make a Way	6
605	605 · I Will Serve You	1	605 · I Will Pray	8
606	606 · Remind Me Dear Lord	2	606 · Lord Dismiss Us in Thy Care	4
607	607 · I Want Jesus to Walk with	2	607 · Jesus Lover of My Soul	6
608	608 · He Gave Me A Song	3	608 · The Eastern Gate	10
609	609 · I'm Not Ashamed	3	609 · Gathering Home	8
610	610 · I Love My Savior Too	3	610 · Give Your Burdens to Jesus	6
611	611 · Walking in Sunlight	3	611 · Give Me the Bible	8
612	612 · His Yoke is Easy	5	612 · Gird Your Armor Gainst the Foe	9
613	613 · Hold To God's Unchanging	3	613 · At the Cross	8
614	614 · Dying With Jesus	3	614 · What Joy	9
615	615 · He Keeps Me Singing	3	615 · Gracious God We Come Before Thee	3
616	616 · The Way of the Cross	3	616 · I Want to Draw Closer to Jesus	6
617	617 · Child or the King	3	617 · God of Compassion We Come to Thee	8
618	618 · All Day Long	3	618 · That Beautiful Home (Elliott)	9
619	619 · A New Creature	3	619 · Out of Self and Into Thee	3
620	620 · Sunlight	4	620 · Father of Mercy and of Light	4
622	622 · Ring Our the Message	3	622 · I Want to See Heaven	5
623	623 · I Am Coming Lord (+1 more)	4	623 · God Our Father	6
624	624 · Just As I Am-Worthy is the Lamb (+1 more)	3	624 · Gods Wonderful Book Divine	6
625	625 · Zion's Call	3	625 · Grace Greater Than Our Sin	6
626	626 · Christ for the World We Sing	3	626 · The Kingdom Is Spreading	6
627	627 · There's A Royal Banner	3	627 · Just Beyond the Rolling River	6
628	628 · Will You Not Tell it Today	3	628 · Majestic Sweetness	5
629	629 · True Hearted Whole Hearted	3	629 · I Am Bound for the Promised Land	6
630	630 · Awake My Tongue Thy Tribute	2	630 · Hallelujah We Shall Rise	12
631	631 · Lift Him Up	3	631 · How Great Thou Art	8
632	632 · O Spread the Tidings Round	3	632 · I Wont Have to Cross Jordan Alone	6
633	633 · Throw out the Lifeline	3	633 · Shall We Gather at the River	6
634	634 · We'll Work Till Jesus Comes	3	634 · Oh God of Our Salvation	8
635	635 · Freely Freely	2	635 · Yield Not to Temptation	6
636	636 · To Love Someone More	3	636 · Go with Me	11
638	638 · Harvest Time	3	638 · God Give Us Christian Homes	6
639	639 · Rescue the Perishing	4	639 · O I Want to See Him	10
640	640 · I Love My Jesus	4	640 · The Love of God (Lehman)	9
641	641 · The Ninety and Nine	5	641 · Lord We Come to Thee	8
642	642 · Let The Lower Lights Be Burning	3	642 · Sweeter As the Years Go By	9
643	643 · Are You Sowing The Seed	3	643 · I Need the Prayers	6
644	644 · Tell Them of Jesus	4	644 · The Half I Cannot Tell	9
646	646 · Onward Christian Soldiers	4	646 · God Be with You	8
647	647 · Soldiers of Christ Arise	5	647 · God Is Love	8
648	648 · Stand Up Stand Up	4	648 · There Is a Crown for Me	6
650	650 · Send the Light	4	650 · Take Time to Be Holy	3
651	651 · Sound the Battle Cry	3	651 · Love Made Me Free	8
652	652 · We Have Heard the Joyful Sound	4	652 · O How I Love Jesus	6
654	654 · Down In The Valley	3	654 · Jesus Bids Us Shine	3
655	655 · Poured Out Like Wine	2	655 · Before Jehovah's Awful Throne	4
656	656 · O Zion Haste	4	656 · Looking to Thee	11
657	657 · Must I Go And Empty Handed	3	657 · Lead Me to Some Soul Today	6
658	658 · I Am A Stranger Here	3	658 · It Is No Secret	5
659	659 · I Love to tell the Story	4	659 · Light from the Cross Is Beaming	6
660	660 · People Need the Lord	1	660 · God Holds the Future in His Hands	10
662	662 · I Surrender All	3	662 · What a Gathering That Will Be	12
663	663 · We Give Thee But Thine Own	3	663 · Little Is Much When God Is in It	6
664	664 · Take My Life	5	664 · O Lord Our Lord	9
665	665 · I Am His and He is Mine	4	665 · Never Alone	12
666	666 · I Am Thine O Lord	4	666 · More about the Savior	6
667	667 · Savior Thy Dying Love	4	667 · Meet Me There	9
668	668 · We Are an Offering	1	668 · The Kingdoms of Earth Pass Away	6
669	669 · Take My Life-McIntosh	3	669 · Though Hosts of Sin Encamped Around	3
670	670 · O For a Closer Walk With Thee	4	670 · Mighty God May All Adore Thee	6
671	671 · Purer in Heart O God	3	671 · Prince of Peace Control My Will	4
672	672 · Give Me Thy Heart	3	672 · Mighty God	8
674	674 · I Have Decided	4	674 · Jesus Is All the World to Me	8
675	675 · Wherever He Leads I'll Go	4	675 · My Stubborn Will at Last Has Yielded	8
676	676 · Living for Jesus	3	676 · In the Land of Fadeless Day	8
677	677 · I Have Been Revived	1	677 · He's a Wonderful Savior to Me	8
678	678 · More About Jesus	4	678 · When Life for Me Shall End	4
679	679 · Tis So Sweet to Trust in Jesus	4	679 · O Say But Im Glad	6
680	680 · Yes Lord Yes	2	680 · The Old Rugged Cross	8
681	681 · More Holiness Give me	3	681 · We Read of a Wonderful City	6
682	682 · Purer Yet And Purer	3	682 · Standing by the Cross	8
683	683 · I Am Mine No More	4	683 · I Cannot Find the Way Alone	6
684	684 · Nearer My God to Thee	3	684 · Nothing on Earth Will Compare	8
686	686 · I Don't Want to Move	2	686 · We Must Forward March	6
687	687 · Until that Final Day	3	687 · O to Be Like Thee	8
688	688 · I'll Never Forsake My Lord	3	688 · On Jordan's Stormy Banks	8
689	689 · Be Still My Soul	3	689 · Live in the Glow of the Savior's Love	6
691	691 · Make Me New	1	691 · Farther Along	8
692	692 · Change My Heart O God	1	692 · O for a Faith That Will Not Shrink	4
693	693 · Heart of a Servent	1	693 · Lord Bless Our Soul's Endeavor	6
694	694 · Servant Song	1	694 · Savior Grant Me Rest and Peace	3
695	695 · None of Self and All of Thee	2	695 · Prayer	6
696	696 · Once To Every Man	8	696 · My Faith Looks Up to Thee	6
697	697 · I Believe in Jesus-Nelson	3	697 · Peace Perfect Peace	2
698	698 · My Jesus As Thou Wilt	3	698 · Jesus Our Savior	9
699	699 · I'll Be A Friend to Jesus	3	699 · My Precious Bible	8
700	700 · More Love To Thee	3	700 · Let Us Pass over the River	8
701	701 · My Jesus I Love Thee	3	701 · Light after Dark	3
703	703 · I Love You with the Love	3	703 · My Savior As Thou Wilt	8
704	704 · Bind us Together	1	704 · One Day	8
705	705 · A Common Love	1	705 · Lord Bless Us and Keep Us	3
706	706 · Arise and Sing	1	706 · Love Lifted Me	9
707	707 · The Lord Our Rock	3	707 · Above the Bright Blue	6
708	708 · Reach Out to Jesus	2	708 · O How Kindly Hast Thou Led Me	4
709	709 · How Sweet How Heavenly	5	709 · Asleep in Jesus	3
710	710 · The Lord Bless You and Keep You (+1 more)	1	710 · More about Jesus	8
711	711 · Blest be the Tie (2) (+1 more)	4	711 · My God and I	5
712	712 · Jesus is Coming Soon	4	712 · My Name Is in the Book of Life	8
714	714 · When He Cometh	3	714 · The Lily of the Valley	9
715	715 · The Church's One Foundation	2	715 · I Stand Amazed in the Presence	10
716	716 · Sing to Me Of Heaven	3	716 · Worthy Art Thou	6
717	717 · We Will Stand	1	717 · On That Wonderful Strand	6
718	718 · We Shall Assemble	1	718 · Making the Best of Each Day	6
719	719 · Angry Words	2	719 · When Jesus Come (Davis)	12
720	720 · The Bond of Love	2	720 · In Thee O God	3
721	721 · My Latest Sun is	3	721 · The Day Thou Gavest	4
722	722 · Let the Beauty of Jesus	3	722 · Dont Let Your Light Burn Low	6
724	724 · Let's Just Praise the Lord	1	724 · Lord Now We Lift Our Hearts to Thee	6
725	725 · Let Us Break Bread	1	725 · Give Your Life to the Lord	6
726	726 · Lord Listen To Your Children	1	726 · Beneath His Watchful Eye	3
727	727 · Jesus is Coming Again	3	727 · I Know Gods Promise Is True	8
728	728 · It May Be At Morn	4	728 · Jesus Keep Me Near the Cross	6
729	729 · Come Ye Thinkful People	6	729 · Tell the Sweet Story of Jesus	12
730	730 · We Declare That the Kingdom	1	730 · Wonderful Story of Love	9
731	731 · Take Time to Be Holy	3	731 · Send the Light	8
732	732 · The Family of God	5	732 · Abide with Me	3
734	734 · I'll Meet you in the Morning	3	734 · Beyond the Gates	6
735	735 · Heaven is in my Heart	2	735 · Sunlight and Shadows	6
736	736 · To Christ Be True	3	736 · Thou the God of All Creation	6
737	737 · Getting Used to the Family	2	737 · The Way of the Cross Leads Home	6
738	738 · Take the Name of Jesus	3	738 · The Sunset Gate	10
739	739 · God's Wonderful People	3	739 · The Lord Is My Shepherd (Elliott)	8
740	740 · Song for the Nations	3	740 · To the Work	6
741	741 · Immortal Love Forever	5	741 · Remember Me	8
742	742 · Tell It To Jesus alone (+1 more)	3	742 · Seeking the Lost	8
744	744 · God's Family	3	744 · The Gloryland Way	6
745	745 · Humble Yourself	5	745 · The Nail Scarred Hand	8
746	746 · Rejoice ye Pure in Heart	4	746 · Others	8
747	747 · Sing On Ye Joyful Pilgrams	3	747 · There Will Be a Grand Reunion	9
748	748 · Let the People Sing Amen	4	748 · Unsearchable Riches	6
749	749 · The Battle Belongs to the Lord	3	749 · Bright Stars in Their Crowns	6
751	751 · Watchman Tell us of the Night	3	751 · Some Day We ll See the Lord	6
752	752 · God Bless You Go With God	2	752 · Savior I Look to Thee	3
753	753 · Farther Along	3	753 · Fling Out the Banner	4
754	754 · Faith of Our Fathers (+1 more)	3	754 · The Haven of Rest	6
755	755 · God Be With You	3	755 · Christ for the World We Sing	5
756	756 · Just Beyond the Rolling River	3	756 · We Are Filled with Adoration	6
757	757 · Friends	2	757 · Sound the Battle Cry	6
759	759 · Shall We Gather At the River	4	759 · Work for the Night Is Coming	5
761	761 · Prince of Peace Control	4	761 · There Is a Land (Davis)	12
762	762 · Teach Me Thy Way	4	762 · In the Hour of Trial	6
763	763 · O Master Let Me Walk	3	763 · Who Am I	7
764	764 · Teach Me Lord to Wait	3	764 · Hold Thou My Hand	3
765	765 · O God Whose Will is Life	4	765 · Teach Us Our Lord and King	6
766	766 · Open Our Eyes Lord we	2	766 · Under His Wings	6
767	767 · In the Hour of Trial	3	767 · Walk with Jesus	12
768	768 · Jesus let us Come to Know	2	768 · Far and Near	6
769	769 · May I Call You Father	1	769 · I'll Be a Sunbeam	3
770	770 · Dear Lord and Father	4	770 · Oh the Depth and the Riches	6
771	771 · Lord Speak to Me	4	771 · Lift Your Eyes upon the Harvest	6
772	772 · Savior Breathe an Evening	4	772 · Only a Step	6
773	773 · Again the Lord of Light	4	773 · Happy the Home When God Is There	4
774	774 · Hide Me Rock Of Ages	3	774 · Rock of Ages	3
775	775 · Holy Father	1	775 · To Christ Be True	6
777	777 · Father Hear the Prayer	4	777 · My Soul Has Found Peace	6
778	778 · Be With Me Lord	4	778 · Did You Think to Pray	6
779	779 · I Love You Lord	1	779 · Shall I Crucify My Savior	6
780	780 · Thy Kingdom Come	1	780 · We Praise Thee O God	3
781	781 · Thank You Lord	2	781 · O for a Soul	3
782	782 · Lord Let us Now Depart	1	782 · Lead Me to Calvary	8
783	783 · Tarry With Me	3	783 · Hold to Gods Unchanging Hand	6
784	784 · Far and Near	3	784 · Lord Send Me	8
785	785 · Early My God Without Delay	2	785 · Lord I Commit My Life to Thee	9
786	786 · Take My Hand Precious Lord	2	786 · Stand By Me	10
789	789 · Father	1	789 · Wondrous Savior	6
790	790 · Lord Take Control	1	790 · The Love of God (Highfield)	12
791	791 · On Bended Knee	2	791 · Working by Love	12
792	792 · My Eyes are Dry	1	792 · There Is a Fountain	6
793	793 · There's A Garden	4	793 · The Beautiful Sunrise	12
794	794 · Unto Thee O Lord	3	794 · Write My Name on the Roll	6
795	795 · Now the Day is Over	4	795 · The Last Mile of the Way	8
796	796 · Remember Me O Mighty One	3	796 · Where He Leads I'll Follow	6
797	797 · Lord We Come Before Thee	4	797 · Sweet Is the Promise	6
798	798 · The Lord's Prayer	3	798 · Throw Out the Lifeline	6
800	800 · What A Friend We Have In Jesus	3	800 · The Friend Who Is Ever Near	8
801	801 · Where No One Stands Alone	2	801 · The Rock Once Cleft for Me	12
802	802 · Thanks Again Lord	2	802 · How Firm a Foundation	3
803	803 · Turn My Heart O God	2	803 · There Will Come a Glad Time	10
804	804 · A Simple Prayer	1	804 · One Step at a Time	6
806	806 · Sun Of My Soul	4	806 · What Did He Do	6
807	807 · Jesus Lover of My Soul	4	807 · Wonderful City of God	12
808	808 · Abide with Me	4	808 · Watch and Pray	10
809	809 · Lord Dismiss Us	2	809 · We Are Walking on the Kings Highway	8
810	810 · Listen to our Hearts-Young	2	810 · Till the Storm Passes By	11
812	812 · The Name of God	2	812 · Where the Gates Swing Outward Never	8
813	813 · Jesus Meek And Gentle	4	813 · When I See the Blood	8
814	814 · Jesus Lover of My -Holbroke	2	814 · When the Clouds Roll By (Powell)	8
815	815 · Father Whatever of Earthly	3	815 · When the Sun Goes Down	10
817	817 · See His Glory	4	817 · When the Clouds Roll By (Baird)	6
819	819 · Arise Shine	1	819 · Victory in Jesus	12
820	820 · Shine Down	1	820 · Thou Wilt Keep Him	3
821	821 · Pray All the Time	3	821 · When the Redeemed Are Gathering In	12
822	822 · Sweet Will of God	4	822 · Lift Him Up	8
823	823 · Lead Me Gently Home	3	823 · Take My Life O Father Mold It	3
824	824 · Still Still With Thee	3	824 · That We Might Be One	8
825	825 · My God My Father	4	825 · What Will I Leave Behind	6
826	826 · Father We Thank Thee	2	826 · Will You Not Tell It Today	6
827	827 · Sweet Hour of Prayer	3	827 · Wonderful Peace	6
828	828 · Instruments of Your Peace	2	828 · We Will Trust in the Lord	12
829	829 · God Who Made the Earth	4	829 · The Song of Wonderful Love	12
830	830 · Open My Eyes the I May See	3	830 · Work for Jesus	6
831	831 · Let Me Live Close To Thee	3	831 · Whosoever Meaneth Me	6
832	832 · Jesus We Just Want to Thank	4	832 · Ye Are the Light of the World	6
833	833 · I Want to Be where You Are	2	833 · Wonderful	12
834	834 · In the Hush of Early Morning	3	834 · Sweeping through the Gates	12
835	835 · Savior Grant Me Rest and Peace	3	835 · O Heart Bowed Down in Despair	9
836	836 · Til My Faith Becomes	3	836 · Sunlight	10